URL,Page Type,Suggested Title,Suggested Description,Primary Keyword,Secondary Keywords,Search Intent,Opportunity,Mapping / Cannibalization Assessment
https://zediant.com/,Homepage,Dedicated Engineering Pods & Product Engineering | Zediant,Scale product delivery with Zediant’s dedicated engineering pods and product engineering teams for SaaS and enterprise platforms.,product engineering services,dedicated engineering pods; AI-enabled product engineering; software engineering services,Commercial / Brand,High,"Broad commercial + brand hub; route authority to the 4 core service pages. Title/meta currently mismatched to H1 on the live site — see onpage audit P0 (not corrected here; this is the SEO Keyword Map target, not the live page)."
https://zediant.com/about-us/careers/,Company / Recruitment,Careers at Zediant | Engineering Roles & Culture,"Explore careers at Zediant and join an engineering team building software products, integrations, and digital solutions for global businesses.",software engineering careers,software engineering jobs; careers at Zediant; developer careers,Recruitment,Low,Keep recruitment-focused; no commercial SEO target needed.
https://zediant.com/about-us/engineering-excellence/,Company,"Engineering Excellence | Quality, Security & Delivery | Zediant","See how Zediant applies engineering discipline, quality practices, and security-focused delivery to build reliable software products and platforms.",Zediant engineering quality and delivery practices,software engineering best practices; secure software development; engineering excellence,Informational / Trust,Medium,Own engineering-quality/delivery-discipline intent; not yet individually audited for live wording.
https://zediant.com/about-us/our-story/,Company,Our Story | Zediant Product Engineering Journey,"Learn how Zediant evolved into a product engineering partner helping businesses build, modernize, integrate, and scale digital platforms.",Zediant company story,about Zediant; product engineering partner; Zediant history,Branded / Informational,Medium,"Primarily brand/trust intent; verify claims consistent with company.md (headcount, founding, positioning)."
https://zediant.com/about-us/trust-compliance/,Company / Trust,Trust & Compliance | Security & Quality at Zediant,"Learn how Zediant approaches security, compliance, quality, and transparent delivery to support reliable enterprise software development.",SOC 2 Type II aligned software partner,SOC 2 Type II aligned; software security compliance; secure software development,Commercial / Trust,Medium,Must use exact phrase 'SOC 2 Type II aligned' — never 'certified'. Sitewide wording currently inconsistent (6 'certified' occurrences found elsewhere) and must be normalized before this page is actively promoted for this term.
https://zediant.com/about-us/who-we-are/,Company / Trust,About Zediant | Product Engineering & Digital Solutions,"Learn who Zediant is, how we work, and how our engineering teams help businesses build, modernize, integrate, and scale digital products.",who is Zediant,about Zediant; product engineering & digital solutions partner,Commercial / Trust,Medium,Own branded company-introduction intent.
https://zediant.com/blogs/,Blog Hub,Zediant Engineering Blog | Product Engineering & Tech Insights,"Read Zediant’s engineering insights on product development, system integration, platforms, middleware, and emerging technology.",product engineering blog,software engineering blog; product engineering insights; technology blog,Informational,Medium,Topical-authority hub; needs a content roadmap refresh — most recent post is 13+ months stale and topics skew generic (per content audit).
https://zediant.com/blogs/case-study-zediant-technologies-helps-a-school-boost-admissions-with-scalable-website/,Blog / Case Study,Scalable School Website Case Study | Zediant,See how Zediant built a scalable school website to improve the digital experience and support the school’s admissions goals.,school website development case study,scalable school website; education website development,Long-tail / Proof,Low-Medium,Niche vertical proof point; supporting content only.
https://zediant.com/blogs/connect-everything-break-nothing-the-zcoupler-integration-formula/,Blog / Product,ZCoupler Integration Formula | Connect Systems Without Disruption,Learn how ZCoupler connects applications and systems through middleware integration to reduce fragmentation and simplify data flows.,ZCoupler integration formula,middleware integration; system integration; integration platform,Commercial / Informational,High,Own ZCoupler branded-product cluster; link to /services/middleware-integration/.
https://zediant.com/blogs/driving-success-with-staff-augmentation-strategies/,Blog,Staff Augmentation Strategies for Scaling Engineering Teams,"Learn how staff augmentation helps businesses scale engineering capacity, access specialized talent, and deliver projects more flexibly.",staff augmentation strategies,engineering staff augmentation; software development staffing; dedicated development team,Commercial,Very High,Primary staff-augmentation authority content until build-your-team retires; should link to /services/dedicated-engineering/ as its CTA.
https://zediant.com/blogs/eaas-engineering-as-a-service/,Blog,Engineering as a Service (EaaS) | Flexible Engineering Teams,Learn how Engineering as a Service provides flexible access to engineering expertise without the overhead of building a larger internal team.,engineering as a service (EaaS),flexible engineering teams; EaaS; managed engineering capacity,Commercial / Informational,Medium,Supports Staff Augmentation / Team Augmentation cluster.
https://zediant.com/blogs/emerging-tech-in-action-how-new-technologies-are-reshaping-business-operations/,Blog,"Emerging Tech in Action | AI, PWAs & Low-Code","Explore how AI, Progressive Web Apps, and low-code technologies are reshaping business operations and how Zediant applies them to software solutions.",emerging technology in business operations,AI in business; progressive web apps; low-code platforms,Informational,Low-Medium,Generic/dated awareness content per content audit; not a commercial target.
https://zediant.com/blogs/empower-your-team-save-resources-leverage-the-power-of-it-outsourcing/,Blog,IT Outsourcing Benefits | Scale Engineering Capacity,"Learn how IT outsourcing can reduce costs, extend technical capacity, and give businesses access to specialized engineering expertise.",IT outsourcing benefits,engineering capacity; specialized engineering expertise,Commercial / Proof,Medium,Supports Staff Augmentation cluster; do not target 'IT outsourcing' itself as a primary keyword — too broad (see Master Keyword Map).
https://zediant.com/blogs/global-growth-in-it-services-consulting-unlocking-new-frontiers/,Blog,IT Services & Consulting Growth | Trends & Opportunities,"Explore how global demand for IT services is driving opportunities in software development, middleware integration, mobile, eCommerce, and engineering staffing.",IT services and consulting growth trends,software development outsourcing; IT consulting trends,Informational,Low-Medium,Generic/dated awareness content.
https://zediant.com/blogs/harnessing-the-potential-of-progressive-web-apps-pwas-for-superior-user-engagement/,Blog,Progressive Web Apps (PWAs) | Engagement & Performance,"Learn how Progressive Web Apps combine web and mobile capabilities to improve engagement, performance, reach, and development efficiency.",Progressive Web App (PWA) development,PWA benefits; mobile web performance; user engagement,Informational / Commercial,Medium,Supports Mobile/Web Development supporting cluster.
https://zediant.com/blogs/how-an-in-house-middleware-platform-is-helping-enterprises-in-automobile-oil-gas-and-ecommerce-move-from-fragmentation-to-full-integration/,Blog,"Enterprise Middleware Integration | Automotive, Oil & Gas & eCommerce","See how an in-house middleware platform can connect fragmented enterprise systems across automotive, oil and gas, and eCommerce operations.",enterprise middleware integration (multi-industry),system integration; automotive; oil and gas; eCommerce integration,Long-tail / Proof,Medium-High,Strong topical fit for campaign C4 target verticals.
https://zediant.com/blogs/leveraging-sitecore-for-scalable-e-commerce-and-cms-solutions/,Blog / Case Study,Sitecore for Scalable eCommerce & CMS Solutions,"Learn how Zediant used Sitecore CMS and Commerce to deliver a scalable, personalized eCommerce solution for a global heavy vehicle manufacturer.",Sitecore eCommerce and CMS development,Sitecore Commerce; scalable CMS solutions; multisite platform,Commercial / Proof,Medium,Niche technology proof; ties to CS-08 (Sitecore heavy-vehicle manufacturer).
https://zediant.com/blogs/making-the-old-new-again-how-zediant-technologies-middleware-solutions-can-breathe-life-into-your-legacy-systems/,Blog,Modernizing Legacy Systems with Middleware,"Learn how middleware modernization can connect legacy systems, reduce fragmentation, and extend the value of existing enterprise technology.",modernizing legacy systems with middleware,legacy system integration; application modernisation,Long-tail / Proof,Medium,Bridges Enterprise Custom Development / Legacy Modernisation and Integration & Middleware clusters.
https://zediant.com/blogs/simplifying-complex-systems-with-plug-and-play-middleware-that-accelerates-deployment-and-drives-business-agility/,Blog,Plug-and-Play Middleware for Faster System Integration,"Learn how plug-and-play middleware simplifies system integration, accelerates deployment, and helps businesses build more agile digital operations.",plug-and-play middleware integration,system integration; deployment acceleration,Informational / Commercial,Medium,Supports Integration & Middleware cluster.
https://zediant.com/blogs/the-evolution-and-importance-of-web-development-in-todays-digital-age/,Blog,The Evolution of Web Development & Why It Matters,Explore how web development evolved from static sites to modern frameworks and why strong digital experiences matter for business growth.,evolution of web development,modern web development; digital experience,Informational,Low,Generic/dated topic per content audit; candidate for retirement or refresh.
https://zediant.com/blogs/the-future-of-web-and-app-development/,Blog,The Future of Web & App Development | Key Technology Trends,"Explore key trends shaping web and app development, including AI, machine learning, PWAs, IoT, and voice technologies.",future of web and app development trends,AI in web development; PWAs; IoT,Informational,Low,Generic/dated topic; not individually audited in the original discovery pass.
https://zediant.com/blogs/the-invisible-backbone-system-integration/,Blog,System Integration | The Backbone of Digital Transformation,"Learn how system integration connects applications and data, breaks down silos, and streamlines workflows across digital business operations.",system integration overview,application integration; digital transformation,Commercial / Proof,Medium,TOFU explainer supporting the Integration & Middleware cluster.
https://zediant.com/blogs/when-ai-learns-to-survive-alarming-signals-we-cant-ignore/,Blog,AI Safety: When AI Learns to 'Survive' | Key Signals,"Explore concerning AI safety behaviors such as manipulation and deception, and why robust safety practices matter as advanced systems evolve.",AI safety and AI risk signals,AI governance; AI safety,Informational,Low,Off-topic relative to Zediant's core services; not aligned to any C1-C5 campaign or documented service — reassess strategic fit.
https://zediant.com/blogs/why-deal-with-demanding-technical-projects-and-handle-busy-development-periods-yourself/,Blog,Staff Augmentation for Demanding Development Projects,"Learn how staff augmentation can provide specialized engineering skills, flexible capacity, and cost control during demanding development periods.",staff augmentation for demanding development projects,engineering capacity; flexible staffing; busy development periods,Commercial,Medium,Supports Staff Augmentation / Team Augmentation cluster.
https://zediant.com/blogs/why-middleware-integration-is-the-hidden-hero-of-scalable-systems/,Blog,Why Middleware Integration Matters for Scalable Systems,"Learn why middleware integration is essential for connecting applications, databases, and services as businesses scale their technology environments.",why middleware integration matters,scalable systems; application integration,Informational / Commercial,Medium,Supports Integration & Middleware cluster.
https://zediant.com/blogs/zcoupler-our-integration-platform-now-supports-7lyuc/,Blog / Product,ZCoupler Integration Platform | Connecting Applications & Systems,Learn how ZCoupler expands integration capabilities and helps businesses connect applications and systems through a flexible middleware platform.,ZCoupler integration platform,middleware platform; system connectivity,Commercial / Product,High,Core ZCoupler branded content; link to /services/middleware-integration/. Slug contains a likely artifact ('7lyuc') worth a technical review.
https://zediant.com/blogs/zcoupler-vs-traditional-middleware-what-sets-it-apart/,Blog / Comparison,ZCoupler vs Traditional Middleware | Key Differences & Benefits,"Compare ZCoupler with traditional middleware and see how its integration approach can simplify connectivity across applications, platforms, and systems.",ZCoupler vs traditional middleware,middleware comparison; integration platform differentiation,Commercial / Comparison,High,Strongest BOFU ZCoupler content available; link directly from /services/middleware-integration/.
https://zediant.com/case-studies/,Case Study Hub,"Zediant Case Studies | Software, Integration & Engineering","Explore Zediant case studies showcasing software, integration, and engineering solutions that solve complex business challenges and improve operations.",Zediant case studies,software development case studies; product engineering case studies; integration case studies,Commercial investigation,High,Central proof/evidence hub; link from every service page.
https://zediant.com/case-studies/11wickets-scalability-and-performance-optimization-with-zediant/,Case Study (CS-04),11Wickets Scalability & Performance Optimization | Case Study,"See how Zediant improved 11Wickets scalability and performance to support a faster, more reliable online gaming experience.",software scalability and performance optimization case study,application performance optimization; platform performance optimization,Proof,Medium,Verified match to case_studies.md — correctly omits the unsupported '99.99% availability' figure.
https://zediant.com/case-studies/bigcommerce-integration-for-australias-biggest-office-supply-brand/,Case Study (CS-09),BigCommerce Integration | Australian Office Supply Case Study,See how Zediant integrated BigCommerce to improve eCommerce operations for a leading Australian office supply brand.,BigCommerce integration case study,BigCommerce development; eCommerce integration Australia,Commercial / Proof,Medium,Verified match to case_studies.md; supports Australia geo-evidence.
https://zediant.com/case-studies/development-of-crypto-apps-with-ionic/,Case Study (CS-07),Ionic Crypto App Development | Case Study,See how Zediant developed Ionic-based crypto applications to help a cryptocurrency platform improve its product and support market growth.,Ionic crypto app development case study,mobile app development case study; Ionic development,Long-tail / Proof,Low-Medium,"DATA CONFLICT: live page figures (team of 4, 3 months, discloses country) do not match case_studies.md (team of 3, 5 months, country not published). Do not use in new SEO content until resolved — see gate-1-decision-pack.md §2."
https://zediant.com/case-studies/lubricant-recommendation-tool-for-the-worlds-leading-brands/,Case Study (CS-03),Lubricant Recommendation Tool | Case Study,See how Zediant built a lubricant recommendation solution that improved digital customer engagement and operational efficiency.,product recommendation engine case study,recommendation engine development; custom software case study,Long-tail / Proof,Low-Medium,Not individually re-verified against case_studies.md wording in this pass.
https://zediant.com/case-studies/middleware-integration-for-multiple-large-dms/,Case Study (CS-01),Middleware Integration for Large DMS | Case Study,See how Zediant connected multiple dealer management systems with middleware to streamline data flow and improve operational efficiency.,enterprise middleware integration case study,DMS integration; middleware integration; system integration case study,Commercial / Proof,High,Strongest proof point for the Integration & Middleware / ZCoupler cluster; verified match to case_studies.md.
https://zediant.com/case-studies/real-time-executive-dashboards-zakaa-innovation-hub/,Case Study (CS-05),Real-Time Executive Dashboards | Zakaa Case Study,"See how Zediant built a real-time executive dashboard to improve business visibility, reporting, and decision-making.",real-time executive dashboard case study,executive dashboard development; business intelligence dashboard,Long-tail / Proof,Low-Medium,"Verified match (minor variance only: 'Oracle Data Warehouse' vs 'Oracle', not a fabrication)."
https://zediant.com/case-studies/redeveloping-website-for-a-leading-material-handling-company-in-australia/,"Case Study (CS-08, mapping inferred)",eCommerce Website Redevelopment | Material Handling Case Study,"See how Zediant redeveloped an eCommerce website to improve functionality, user experience, and sales for an Australian material handling company.",eCommerce website redevelopment case study,website modernization; Australian manufacturing case study,Commercial / Proof,Medium,"DATA CONFLICT: live page shows metrics (50% page views, 20% conversions) not present in case_studies.md (30% traffic increase). Do not use these specific figures in new content until resolved."
https://zediant.com/case-studies/team-augmentation-for-automotive-software/,Case Study (CS-06),Engineering Team Augmentation for Automotive Software,See how Zediant’s engineering team augmentation helped an automotive software company expand delivery capacity and improve productivity.,engineering team augmentation case study,team augmentation; automotive software development,Commercial / Proof,Medium-High,Verified match to case_studies.md on all documented metrics; strong proof for Staff Augmentation cluster.
https://zediant.com/case-studies/upgrading-online-poker-game-website-to-wordpress/,Case Study (CS-10),Online Poker Website Upgrade to WordPress | Case Study,"See how Zediant upgraded an online poker website with WordPress to improve performance, usability, and the gaming experience.",WordPress website migration case study,WordPress migration; website upgrade case study,Long-tail / Proof,Low-Medium,Verified match to case_studies.md; correctly omits client name.
https://zediant.com/case-studies/wholesale-parts-crm-for-automotive-dealers-and-oems/,Case Study (CS-02),Wholesale Parts CRM for Automotive Dealers & OEMs,See how Zediant built a custom CRM and eCommerce solution to streamline wholesale parts operations for automotive dealers and OEMs.,wholesale parts CRM for automotive dealers,automotive dealer CRM; CRM software development; middleware integration,Commercial / Proof,High,Verified match on published metrics; policies/confidentiality.md flags this case study for special handling.
https://zediant.com/privacy-policy/,Legal,Zediant Privacy Policy | Data Collection & Protection,"Review Zediant’s Privacy Policy to understand how we collect, use, store, and protect personal information across our website and services.",Zediant privacy policy,data collection and protection,Legal / Navigational,Low,No commercial keyword target needed.
https://zediant.com/services/ai-enabled-product-engineering/,Service (current),AI-Enabled Product Engineering Services | Zediant,"Build and scale software products with Zediant’s AI-enabled product engineering teams, combining experienced engineers with modern delivery practices.",AI-enabled product engineering company,AI-enabled product engineering services; AI product engineering; product engineering services,Commercial service intent,High,Own canonical AI-enabled page; watch AI-capability claims discipline per claims-and-compliance.md §5.
https://zediant.com/services/dedicated-engineering/,Service (current — CANONICAL Pods page),Dedicated Engineering Teams for Scalable Product Delivery,"Scale engineering capacity with Zediant’s dedicated engineering teams, providing experienced developers to extend your product organization.",dedicated engineering pods,dedicated engineering team; dedicated development team; hire dedicated development team,Commercial service intent,High,Zediant's highest-priority commercial page (~90% of billing); strengthen 'Pods' brand terminology on-page. Canonical URL confirmed 2026-08-20 — do not target the guessed -pods slug.
https://zediant.com/services/enterprise-custom-development/,Service (current),Enterprise Custom Software Development & Modernization,"Build secure enterprise software with Zediant, from custom architectures and legacy modernization to complex business systems and integrations.",enterprise custom software development,enterprise legacy application modernisation; legacy system modernization; custom enterprise software development,Commercial service intent,High,Add an explicit Legacy Modernisation section per services.md's documented structure.
https://zediant.com/services/platform-engineering/,Service (current),Platform Engineering Services for Scalable Products,"Strengthen your software platform with Zediant’s platform engineering expertise across architecture, scalability, reliability, and integrations.",platform engineering and cloud DevOps company,platform engineering services; cloud-native engineering services; DevOps consulting,Commercial service intent,High,Resolve overlap with legacy /services/cloud-security/ page before further investment (see Cannibalization sheet).
https://zediant.com/terms-of-use/,Legal,Zediant Terms of Use | Website & Service Rules,"Review Zediant’s Terms of Use for the rules and guidelines governing use of our website, content, and services.",Zediant terms of use,website and service usage terms,Legal / Navigational,Low,No commercial keyword target needed.
